Response Time,Availability,Throughput,Reliability,Latency,,WSRF,MCDA,Classification
242,71,4,78,185,,2.37,60.0,3
268,91,12,61,193,,2.85,73.0,1
155,86,4,66,103,,2.61,66.0,2
225,79,10,73,24,,2.86,73.0,1
385,74,2,59,12,,1.95,50.0,4
353,88,12,58,69,,2.70,69.0,2
128,76,5,76,171,,2.83,72.0,1
392,86,13,77,4,,3.19,81.0,1
117,82,2,69,114,,2.68,68.0,2
373,73,2,66,126,,1.96,50.0,4
365,98,7,57,95,,2.44,62.0,2
169,86,6,76,28,,2.84,72.0,1
200,95,13,75,183,,3.26,83.0,1
199,76,4,66,164,,2.36,60.0,3
267,83,5,68,193,,2.39,61.0,2
303,79,10,80,129,,2.79,71.0,1
311,89,5,58,126,,2.28,58.0,3
381,73,4,51,102,,1.91,49.0,4
273,97,14,55,30,,2.99,76.0,1
187,99,2,64,136,,2.47,63.0,2
389,99,10,56,186,,2.62,67.0,2
139,94,15,71,113,,3.56,91.0,1
282,96,5,71,79,,2.55,65.0,2
317,94,12,58,19,,2.83,72.0,1
154,87,1,57,147,,2.31,59.0,3
393,79,12,60,51,,2.61,67.0,2
254,90,2,73,132,,2.35,60.0,3
327,86,15,72,49,,3.09,79.0,1
335,80,6,71,193,,2.39,61.0,2
217,83,6,51,187,,2.33,59.0,3
119,75,7,72,40,,2.98,76.0,1
206,84,5,56,120,,2.37,60.0,3
163,81,9,61,168,,2.79,71.0,1
110,90,5,73,147,,3.06,78.0,1
312,83,1,70,14,,2.16,55.0,3
168,95,5,52,95,,2.54,65.0,2
105,79,6,53,82,,2.82,72.0,1
183,100,6,61,66,,2.72,69.0,2
279,97,1,73,135,,2.31,59.0,3
347,71,14,51,173,,2.57,66.0,2
171,92,8,51,128,,2.68,68.0,2
204,83,5,50,193,,2.28,58.0,3
220,73,3,80,187,,2.39,61.0,2
138,92,8,59,23,,2.96,75.0,1
366,77,15,69,9,,3.02,77.0,1
244,84,8,59,142,,2.53,64.0,2
198,89,6,57,12,,2.59,66.0,2
158,93,5,74,179,,2.83,72.0,1
162,72,3,51,53,,2.19,56.0,3
169,82,12,56,184,,2.92,74.0,1
268,88,15,66,106,,3.09,79.0,1
156,93,4,55,147,,2.53,64.0,2
348,83,6,67,187,,2.36,60.0,3
306,81,10,58,104,,2.54,65.0,2
173,93,9,75,197,,3.05,78.0,1
208,92,7,77,186,,2.84,72.0,1
167,84,12,77,105,,3.21,82.0,1
163,75,11,57,133,,2.82,72.0,1
382,80,13,78,34,,2.93,75.0,1
148,95,15,64,75,,3.44,88.0,1
336,78,4,57,85,,2.07,53.0,3
355,76,6,72,139,,2.35,60.0,3
235,78,3,73,190,,2.32,59.0,3
338,79,8,71,71,,2.52,64.0,2
338,90,15,71,98,,3.09,79.0,1
363,77,12,71,60,,2.75,70.0,2
361,82,9,55,119,,2.39,61.0,2
357,70,4,79,84,,2.25,57.0,3
330,70,14,74,158,,2.87,73.0,1
147,73,14,65,104,,3.17,81.0,1
195,98,4,69,166,,2.63,67.0,2
362,72,8,73,35,,2.47,63.0,2
259,92,15,62,134,,3.09,79.0,1
356,92,9,57,164,,2.52,64.0,2
386,71,10,80,189,,2.64,67.0,2
156,99,11,68,49,,3.23,82.0,1
342,73,4,59,163,,2.03,52.0,3
382,92,3,78,101,,2.37,60.0,3
272,80,12,73,37,,2.91,74.0,1
265,76,11,60,71,,2.63,67.0,2
380,70,8,71,184,,2.39,61.0,2
338,83,10,69,66,,2.67,68.0,2
369,90,15,53,72,,2.85,72.0,1
242,78,7,56,127,,2.37,60.0,3
226,100,13,52,102,,2.97,76.0,1
236,71,5,57,183,,2.19,56.0,3
131,76,14,78,188,,3.44,87.0,1
177,100,11,79,110,,3.29,84.0,1
116,72,1,70,143,,2.53,64.0,2
342,86,7,55,41,,2.33,59.0,3
281,79,13,53,87,,2.69,68.0,2
295,73,15,79,31,,3.09,79.0,1
242,77,10,60,3,,2.93,75.0,1
315,76,13,60,51,,2.71,69.0,2
109,72,11,80,173,,3.38,86.0,1
180,83,13,52,110,,2.91,74.0,1
142,96,7,51,94,,2.78,71.0,1
270,81,7,55,174,,2.34,60.0,3
338,79,1,57,35,,1.89,48.0,4
153,97,1,60,80,,2.45,62.0,2
348,82,14,71,27,,2.97,75.0,1
322,92,8,68,132,,2.62,67.0,2
193,85,5,65,134,,2.52,64.0,2
162,79,7,68,46,,2.75,70.0,2
138,93,5,79,152,,2.98,76.0,1
276,77,4,75,148,,2.34,60.0,3
400,90,7,80,52,,2.64,67.0,2
127,80,2,70,62,,2.61,66.0,2
147,98,14,60,173,,3.35,85.0,1
270,94,2,53,151,,2.11,54.0,3
346,100,3,58,194,,2.22,56.0,3
229,83,3,77,164,,2.44,62.0,2
147,98,9,72,133,,3.17,81.0,1
117,95,2,68,192,,2.79,71.0,1
127,72,13,59,169,,3.12,79.0,1
243,97,7,79,103,,2.85,72.0,1
282,91,5,58,56,,2.34,60.0,3
145,77,14,60,191,,3.15,80.0,1
271,82,13,78,9,,3.14,80.0,1
228,85,15,59,94,,3.04,77.0,1
327,71,5,65,46,,2.18,56.0,3
358,70,3,59,130,,1.92,49.0,4
214,97,2,50,114,,2.20,56.0,3
365,73,4,58,100,,2.01,51.0,3
216,96,12,54,168,,2.90,74.0,1
134,72,13,59,77,,3.08,78.0,1
194,87,15,67,12,,3.31,84.0,1
307,89,10,74,27,,2.84,72.0,1
174,83,10,61,15,,2.90,74.0,1
245,70,9,63,89,,2.51,64.0,2
136,92,3,59,34,,2.62,67.0,2
187,70,2,66,193,,2.20,56.0,3
236,83,5,56,37,,2.31,59.0,3
333,87,8,69,24,,2.61,66.0,2
317,81,4,65,42,,2.23,57.0,3
157,91,14,79,28,,3.50,89.0,1
267,82,3,68,42,,2.27,58.0,3
123,90,2,76,176,,2.80,71.0,1
140,99,3,54,199,,2.58,66.0,2
128,87,2,59,64,,2.54,65.0,2
266,82,11,73,66,,2.86,73.0,1
397,85,6,69,122,,2.37,60.0,3
382,93,12,61,155,,2.76,70.0,2
246,76,8,52,187,,2.36,60.0,3
341,81,7,55,140,,2.26,58.0,3
372,91,2,70,26,,2.23,57.0,3
201,74,6,75,174,,2.58,66.0,2
305,94,10,65,18,,2.80,71.0,1
260,75,6,51,193,,2.18,55.0,3
368,90,7,60,32,,2.42,62.0,2
116,86,2,56,112,,2.56,65.0,2
220,78,15,63,130,,3.03,77.0,1
254,76,12,75,46,,2.91,74.0,1
193,94,14,50,137,,3.02,77.0,1
136,94,6,70,91,,2.96,75.0,1
246,88,1,71,195,,2.25,57.0,3
259,92,12,60,92,,2.87,73.0,1
300,87,7,77,141,,2.64,67.0,2
309,83,10,71,57,,2.73,69.0,2
237,82,14,62,118,,2.96,75.0,1
191,74,11,57,184,,2.71,69.0,2
169,94,6,76,50,,2.90,74.0,1
136,99,2,52,103,,2.52,64.0,2
288,96,12,75,15,,3.11,79.0,1
308,71,8,66,74,,2.41,61.0,2
305,76,9,65,73,,2.51,64.0,2
278,70,4,62,155,,2.11,54.0,3
307,78,12,67,53,,2.76,70.0,2
261,73,8,69,122,,2.52,64.0,2
182,95,7,51,79,,2.62,67.0,2
382,93,7,77,161,,2.63,67.0,2
358,81,6,66,22,,2.36,60.0,3
314,95,9,70,100,,2.75,70.0,2
263,74,10,78,54,,2.78,71.0,1
297,75,3,59,182,,2.03,52.0,3
110,91,1,69,25,,2.79,71.0,1
160,84,7,54,134,,2.61,67.0,2
267,91,3,60,197,,2.24,57.0,3
372,75,4,62,101,,2.07,53.0,3
219,76,5,72,98,,2.46,63.0,2
264,90,11,53,33,,2.70,69.0,2
105,99,15,67,9,,3.89,99.0,1
219,77,10,79,132,,2.89,74.0,1
118,75,9,65,81,,3.02,77.0,1
104,80,5,60,98,,2.86,73.0,1
262,80,14,64,112,,2.92,74.0,1
150,73,10,51,191,,2.71,69.0,2
371,90,14,64,37,,2.93,75.0,1
201,73,8,50,172,,2.39,61.0,2
220,82,8,60,29,,2.59,66.0,2
119,72,7,73,77,,2.95,75.0,1
119,74,10,75,4,,3.43,87.0,1
330,82,5,69,120,,2.33,59.0,3
367,92,8,58,161,,2.46,63.0,2
302,100,5,50,23,,2.33,59.0,3
105,91,12,77,178,,3.63,92.0,1
302,76,1,50,158,,1.79,46.0,4
178,88,14,70,97,,3.26,83.0,1
223,76,9,53,11,,2.56,65.0,2
379,88,12,56,93,,2.65,68.0,2
344,75,7,65,190,,2.33,59.0,3
273,83,9,76,163,,2.75,70.0,2
206,70,8,54,146,,2.40,61.0,2
223,93,14,69,189,,3.18,81.0,1
326,90,13,69,16,,3.00,76.0,1
342,80,11,63,73,,2.63,67.0,2
250,97,11,80,13,,3.18,81.0,1
297,85,2,60,168,,2.08,53.0,3
121,81,9,50,59,,2.88,73.0,1
207,85,10,50,127,,2.63,67.0,2
240,89,10,56,21,,2.72,69.0,2
164,95,11,53,185,,2.96,75.0,1
186,72,1,77,126,,2.29,58.0,3
115,88,8,53,70,,2.96,75.0,1
265,80,9,55,19,,2.52,64.0,2
169,82,1,52,121,,2.14,54.0,3
301,95,9,57,97,,2.61,66.0,2
353,90,11,52,129,,2.57,66.0,2
370,77,8,75,183,,2.52,64.0,2
167,92,9,56,173,,2.82,72.0,1
338,82,10,67,4,,2.87,73.0,1
136,83,15,72,81,,3.48,89.0,1
286,95,3,57,20,,2.26,58.0,3
332,93,12,77,191,,3.00,76.0,1
115,94,6,65,86,,3.03,77.0,1
110,74,1,75,30,,2.69,68.0,2
138,85,14,74,69,,3.45,88.0,1
339,83,1,51,106,,1.84,47.0,4
334,78,11,52,70,,2.48,63.0,2
194,99,3,52,12,,2.44,62.0,2
245,94,5,57,86,,2.41,61.0,2
146,72,7,52,178,,2.53,64.0,2
206,95,2,54,138,,2.25,57.0,3
225,85,11,55,28,,2.75,70.0,2
393,90,12,68,172,,2.81,72.0,1
346,98,8,71,80,,2.70,69.0,2
376,82,7,71,59,,2.46,63.0,2
307,92,12,65,112,,2.87,73.0,1
395,98,2,57,186,,2.08,53.0,3
399,94,9,52,117,,2.45,62.0,2
268,84,9,61,197,,2.58,66.0,2
313,96,15,61,95,,3.05,78.0,1
172,97,14,55,79,,3.18,81.0,1
256,82,12,55,170,,2.70,69.0,2
146,80,11,67,96,,3.07,78.0,1
262,77,5,62,1,,3.26,83.0,1
112,94,13,52,130,,3.36,85.0,1
348,90,15,78,15,,3.23,82.0,1
305,89,9,75,72,,2.77,70.0,2
195,87,14,57,55,,3.05,78.0,1
131,93,2,61,58,,2.61,66.0,2
285,92,4,63,171,,2.33,59.0,3
369,70,10,52,169,,2.29,58.0,3
199,100,8,52,169,,2.69,69.0,2
270,87,13,60,97,,2.87,73.0,1
121,77,8,51,141,,2.77,71.0,1
205,80,15,69,43,,3.17,81.0,1
387,71,10,61,73,,2.41,61.0,2
198,73,11,62,18,,2.80,71.0,1
212,96,8,75,28,,2.94,75.0,1
214,96,3,53,124,,2.30,58.0,3
176,98,3,67,31,,2.62,67.0,2
162,98,8,67,62,,2.98,76.0,1
138,96,2,63,116,,2.61,67.0,2
359,96,8,53,61,,2.45,62.0,2
162,90,14,57,109,,3.17,81.0,1
375,95,10,80,192,,2.89,74.0,1
291,83,13,60,152,,2.80,71.0,1
114,99,3,55,69,,2.77,70.0,2
325,72,13,64,178,,2.70,69.0,2
222,72,3,60,51,,2.14,54.0,3
360,72,9,72,64,,2.51,64.0,2
157,91,3,59,162,,2.49,63.0,2
366,86,14,52,163,,2.72,69.0,2
308,83,5,54,67,,2.18,55.0,3
120,92,6,59,37,,2.92,74.0,1
103,81,4,78,9,,3.13,80.0,1
236,89,11,63,187,,2.84,72.0,1
303,76,13,52,29,,2.64,67.0,2
276,71,2,62,104,,1.99,51.0,3
170,95,3,50,60,,2.38,61.0,2
156,94,10,68,156,,3.10,79.0,1
226,74,3,59,141,,2.13,54.0,3
365,92,14,64,47,,2.95,75.0,1
192,71,8,50,200,,2.39,61.0,2
211,76,5,68,72,,2.43,62.0,2
176,74,2,52,65,,2.11,54.0,3
259,84,3,62,45,,2.22,57.0,3
298,89,4,78,39,,2.49,63.0,2
151,72,8,73,123,,2.84,72.0,1
323,81,4,51,26,,2.06,52.0,3
126,88,10,72,95,,3.25,83.0,1
237,78,7,50,19,,2.35,60.0,3
156,88,12,63,199,,3.11,79.0,1
160,87,2,68,145,,2.49,63.0,2
283,93,1,76,85,,2.31,59.0,3
270,94,6,56,154,,2.42,62.0,2
175,92,5,68,168,,2.68,68.0,2
302,77,4,69,116,,2.24,57.0,3
312,98,1,76,64,,2.33,59.0,3
222,90,12,61,101,,2.92,74.0,1
362,98,10,78,23,,2.94,75.0,1
179,85,14,76,45,,3.31,84.0,1
277,99,15,69,142,,3.22,82.0,1
373,87,12,65,133,,2.76,70.0,2
141,97,13,63,25,,3.37,86.0,1
190,91,9,57,35,,2.78,71.0,1
103,78,7,72,132,,3.13,80.0,1
382,85,14,68,58,,2.91,74.0,1
124,97,2,68,79,,2.77,71.0,1
361,75,14,56,172,,2.67,68.0,2
399,95,7,51,200,,2.31,59.0,3
351,72,8,57,1,,3.25,83.0,1
333,89,2,65,66,,2.15,55.0,3
158,70,8,69,26,,2.77,70.0,2
227,97,10,66,14,,2.97,76.0,1
229,98,11,79,154,,3.14,80.0,1
330,77,1,73,112,,2.06,52.0,3
299,87,3,68,101,,2.26,58.0,3
264,86,5,63,121,,2.37,60.0,3
136,78,10,58,124,,2.92,74.0,1
190,74,11,51,112,,2.65,67.0,2
274,73,6,78,79,,2.48,63.0,2
268,82,11,56,20,,2.68,68.0,2
299,87,5,56,175,,2.24,57.0,3
375,96,2,53,56,,2.04,52.0,3
255,89,15,56,170,,2.99,76.0,1
343,98,3,50,71,,2.11,54.0,3
383,72,6,66,195,,2.21,56.0,3
111,97,3,57,43,,2.81,71.0,1
205,94,15,70,181,,3.31,84.0,1
321,81,2,66,178,,2.09,53.0,3
196,88,13,72,45,,3.18,81.0,1
263,89,6,71,125,,2.57,65.0,2
238,97,13,61,130,,3.03,77.0,1
303,86,6,72,25,,2.53,64.0,2
239,78,11,50,68,,2.57,65.0,2
236,72,3,50,81,,1.98,50.0,4
373,75,11,66,142,,2.58,66.0,2
125,98,1,78,65,,2.84,72.0,1
357,77,9,68,167,,2.51,64.0,2
164,74,10,65,107,,2.84,72.0,1
251,72,14,63,84,,2.85,73.0,1
154,99,10,65,132,,3.13,80.0,1
124,91,3,79,171,,2.91,74.0,1
375,92,9,67,144,,2.63,67.0,2
296,90,4,74,104,,2.44,62.0,2
208,72,9,61,35,,2.59,66.0,2
341,94,9,68,33,,2.71,69.0,2
261,80,6,76,109,,2.54,65.0,2
310,92,1,57,159,,2.03,52.0,3
181,88,7,58,23,,2.67,68.0,2
232,75,13,80,109,,3.06,78.0,1
182,99,5,66,166,,2.70,69.0,2
125,98,10,60,159,,3.20,82.0,1
364,81,12,71,138,,2.78,71.0,1
341,83,9,71,43,,2.63,67.0,2
265,72,7,62,108,,2.35,60.0,3
279,100,2,67,66,,2.34,60.0,3
298,85,9,69,107,,2.66,68.0,2
383,94,5,76,61,,2.50,64.0,2
301,82,2,77,168,,2.25,57.0,3
170,82,11,51,182,,2.78,71.0,1
201,97,3,75,62,,2.62,67.0,2
185,74,11,50,76,,2.65,67.0,2
146,98,3,54,6,,2.71,69.0,2
167,83,7,66,32,,2.75,70.0,2
234,86,4,73,50,,2.49,63.0,2
248,79,11,70,125,,2.81,72.0,1
360,70,1,51,99,,1.69,43.0,4
177,95,11,78,110,,3.23,82.0,1
205,84,8,65,14,,2.75,70.0,2
210,72,1,50,124,,1.90,48.0,4
232,86,10,57,22,,2.72,69.0,2
326,98,9,54,194,,2.57,65.0,2
338,90,8,64,194,,2.53,65.0,2
182,79,12,78,139,,3.12,79.0,1
376,73,3,54,44,,1.89,48.0,4
108,95,2,77,89,,2.98,76.0,1
191,100,12,71,31,,3.24,83.0,1
212,71,8,51,187,,2.36,60.0,3
301,83,9,61,125,,2.53,64.0,2
266,70,7,76,133,,2.50,64.0,2
255,100,4,59,38,,2.42,62.0,2
339,85,4,73,76,,2.34,59.0,3
179,75,1,79,181,,2.37,60.0,3
224,99,6,56,122,,2.54,65.0,2
175,96,5,63,14,,2.72,69.0,2
260,100,15,75,115,,3.33,85.0,1
143,87,7,69,106,,2.91,74.0,1
361,91,1,56,144,,1.96,50.0,4
229,87,7,73,74,,2.70,69.0,2
329,71,11,75,26,,2.72,69.0,2
266,89,13,56,116,,2.84,72.0,1
120,94,13,67,100,,3.49,89.0,1
340,94,2,72,130,,2.28,58.0,3
175,94,12,72,63,,3.23,82.0,1
231,98,4,73,129,,2.60,66.0,2
276,73,2,57,155,,1.94,49.0,4
295,75,14,54,3,,3.03,77.0,1
263,71,6,63,55,,2.30,58.0,3
173,100,10,55,128,,2.94,75.0,1
120,92,4,68,111,,2.88,73.0,1
384,89,5,73,70,,2.41,61.0,2
340,72,3,61,126,,1.98,51.0,3
146,98,10,58,190,,3.06,78.0,1
273,80,6,50,106,,2.20,56.0,3
251,82,2,54,121,,2.04,52.0,3
194,81,15,57,170,,3.04,77.0,1
175,70,12,59,30,,2.84,72.0,1
300,100,1,65,70,,2.23,57.0,3
171,89,5,63,123,,2.60,66.0,2
118,79,5,55,128,,2.67,68.0,2
153,81,6,52,10,,2.61,67.0,2
384,99,4,68,92,,2.38,61.0,2
166,84,6,72,199,,2.75,70.0,2
196,98,9,80,152,,3.10,79.0,1
278,94,5,70,120,,2.52,64.0,2
322,94,1,76,147,,2.27,58.0,3
305,81,5,75,7,,2.55,65.0,2
175,71,1,79,26,,2.37,60.0,3
244,93,7,64,118,,2.61,67.0,2
201,79,4,54,137,,2.24,57.0,3
139,86,5,54,194,,2.59,66.0,2
178,81,7,59,97,,2.59,66.0,2
396,80,6,54,185,,2.13,54.0,3
393,82,9,62,191,,2.45,62.0,2
354,86,13,54,110,,2.69,69.0,2
299,71,7,53,11,,2.26,58.0,3
244,87,15,77,90,,3.25,83.0,1
317,70,1,68,19,,1.98,51.0,3
132,77,5,70,128,,2.74,70.0,2
280,77,6,69,113,,2.40,61.0,2
303,92,1,60,23,,2.11,54.0,3
380,87,13,69,153,,2.87,73.0,1
316,89,3,52,163,,2.06,52.0,3
221,77,10,59,101,,2.64,67.0,2
251,96,14,64,137,,3.10,79.0,1
189,90,13,58,51,,3.04,77.0,1
347,79,11,62,43,,2.61,66.0,2
386,70,6,51,13,,2.07,53.0,3
240,74,8,68,60,,2.56,65.0,2
126,88,10,73,178,,3.26,83.0,1
367,93,3,76,25,,2.39,61.0,2
321,83,11,75,69,,2.83,72.0,1
337,71,7,64,79,,2.29,58.0,3
384,94,3,57,85,,2.12,54.0,3
114,83,8,77,179,,3.21,82.0,1
374,83,6,52,60,,2.16,55.0,3
250,84,2,67,41,,2.24,57.0,3
358,91,11,61,95,,2.70,69.0,2
120,82,11,59,186,,3.13,80.0,1
151,85,14,56,83,,3.16,80.0,1
229,76,9,80,60,,2.81,72.0,1
271,80,9,54,188,,2.45,62.0,2
284,86,14,54,46,,2.84,72.0,1
207,81,6,57,167,,2.41,61.0,2
350,80,1,75,183,,2.10,53.0,3
276,71,10,75,176,,2.68,68.0,2
194,75,4,62,68,,2.32,59.0,3
192,98,6,76,38,,2.88,73.0,1
364,78,13,64,92,,2.73,70.0,2
348,87,7,64,160,,2.43,62.0,2
335,79,6,76,18,,2.49,63.0,2
349,94,10,77,73,,2.87,73.0,1
338,99,14,69,144,,3.09,79.0,1
139,74,4,53,143,,2.40,61.0,2
277,86,11,55,195,,2.65,67.0,2
220,70,9,78,171,,2.74,70.0,2
378,85,10,54,20,,2.51,64.0,2
124,77,13,59,193,,3.19,81.0,1
202,73,15,73,52,,3.16,80.0,1
106,90,7,76,52,,3.28,83.0,1
289,99,1,53,31,,2.10,53.0,3
151,100,1,77,112,,2.70,69.0,2
357,87,4,63,112,,2.21,56.0,3
217,81,13,72,34,,3.07,78.0,1
336,100,10,50,136,,2.60,66.0,2
207,80,8,70,133,,2.70,69.0,2
370,72,5,80,145,,2.33,59.0,3
118,84,9,71,156,,3.18,81.0,1
265,81,5,50,131,,2.15,55.0,3
201,88,6,60,166,,2.53,64.0,2
267,92,4,58,178,,2.29,58.0,3
151,99,9,59,90,,3.00,76.0,1
364,88,2,53,197,,1.96,50.0,4
289,85,15,67,144,,3.04,77.0,1
281,83,15,59,62,,2.94,75.0,1
135,98,7,71,119,,3.08,78.0,1
173,84,4,79,52,,2.69,69.0,2
110,74,10,52,102,,2.98,76.0,1
383,71,9,53,34,,2.26,58.0,3
197,84,7,53,81,,2.49,63.0,2
230,99,1,57,34,,2.23,57.0,3
203,70,12,61,154,,2.76,70.0,2
186,75,12,51,110,,2.73,70.0,2
125,97,10,58,136,,3.17,81.0,1
357,99,12,66,54,,2.91,74.0,1
139,72,10,70,72,,2.99,76.0,1
192,92,3,54,122,,2.32,59.0,3
160,73,14,66,164,,3.12,79.0,1
264,75,9,51,183,,2.37,60.0,3
250,77,3,65,188,,2.19,56.0,3
253,72,14,66,116,,2.88,73.0,1
105,71,2,80,193,,2.80,71.0,1
242,99,9,70,168,,2.88,73.0,1
135,84,11,56,94,,3.02,77.0,1
344,72,3,72,81,,2.12,54.0,3
340,99,1,55,92,,2.05,52.0,3
147,77,2,80,46,,2.61,66.0,2
218,72,10,57,113,,2.57,65.0,2
249,76,5,71,193,,2.39,61.0,2
360,73,3,55,120,,1.90,48.0,4
330,95,12,64,11,,2.94,75.0,1
267,83,3,66,85,,2.24,57.0,3
135,79,9,80,177,,3.14,80.0,1
116,74,6,77,99,,2.97,76.0,1
197,93,9,52,116,,2.70,69.0,2
270,70,12,69,164,,2.74,70.0,2
150,74,5,60,133,,2.50,64.0,2
277,99,9,64,132,,2.76,70.0,2
101,76,7,79,192,,3.21,82.0,1
158,94,3,74,25,,2.74,70.0,2
111,99,11,52,23,,3.32,84.0,1
117,79,12,76,194,,3.40,87.0,1
115,85,13,64,123,,3.39,86.0,1
224,89,10,60,179,,2.76,70.0,2
232,72,3,71,52,,2.26,57.0,3
261,77,4,51,122,,2.07,53.0,3
252,89,8,76,151,,2.78,71.0,1
268,83,14,77,19,,3.15,80.0,1
129,70,14,71,172,,3.30,84.0,1
186,91,8,59,62,,2.73,70.0,2
360,85,15,56,62,,2.84,72.0,1
347,80,11,56,80,,2.53,64.0,2
165,70,2,76,200,,2.39,61.0,2
110,74,5,59,170,,2.73,69.0,2
236,87,13,68,137,,3.02,77.0,1
304,100,1,68,110,,2.25,57.0,3
375,100,7,79,198,,2.73,69.0,2
387,91,6,76,113,,2.53,64.0,2
363,96,7,71,146,,2.60,66.0,2
108,83,10,61,179,,3.19,81.0,1
191,88,14,53,15,,3.07,78.0,1
390,98,3,50,156,,2.07,53.0,3
135,74,11,64,147,,3.02,77.0,1
240,92,2,72,133,,2.38,61.0,2
344,83,7,66,52,,2.43,62.0,2
399,100,8,68,88,,2.65,67.0,2
386,91,13,71,135,,2.93,75.0,1
372,85,6,73,149,,2.44,62.0,2
204,98,3,64,82,,2.48,63.0,2
207,92,4,75,164,,2.61,67.0,2
400,95,7,50,46,,2.31,59.0,3
123,98,10,70,180,,3.34,85.0,1
337,91,13,80,111,,3.08,78.0,1
156,98,11,50,24,,3.02,77.0,1
283,73,5,52,20,,2.12,54.0,3
218,90,6,66,29,,2.62,67.0,2
272,72,3,56,125,,2.00,51.0,3
328,97,14,65,95,,3.03,77.0,1
350,86,1,79,33,,2.23,57.0,3
146,98,6,50,199,,2.69,69.0,2
357,76,9,50,59,,2.28,58.0,3
294,97,11,66,26,,2.91,74.0,1
258,99,7,59,114,,2.59,66.0,2
226,78,7,69,40,,2.58,66.0,2
202,81,14,77,77,,3.21,82.0,1
297,85,2,68,82,,2.18,56.0,3
334,92,7,71,155,,2.58,66.0,2
165,73,7,71,141,,2.70,69.0,2
157,86,9,57,171,,2.82,72.0,1
391,72,14,50,193,,2.54,65.0,2
242,73,15,79,66,,3.15,80.0,1
321,85,3,67,47,,2.22,57.0,3
268,100,11,54,89,,2.79,71.0,1
204,94,8,56,75,,2.68,68.0,2
274,84,3,50,195,,2.04,52.0,3
229,99,10,55,141,,2.79,71.0,1
291,72,13,59,14,,2.74,70.0,2
247,91,5,77,132,,2.62,67.0,2
346,72,6,63,37,,2.22,57.0,3
206,94,11,62,62,,2.95,75.0,1
332,94,9,77,101,,2.81,72.0,1
123,95,13,52,98,,3.29,84.0,1
263,80,14,73,74,,3.04,77.0,1
315,98,10,73,68,,2.89,74.0,1
311,72,1,60,46,,1.88,48.0,4
365,83,11,54,150,,2.52,64.0,2
211,79,2,53,196,,2.06,53.0,3
143,81,1,74,178,,2.51,64.0,2
307,86,9,65,42,,2.62,67.0,2
244,100,5,70,178,,2.62,67.0,2
274,74,8,51,182,,2.28,58.0,3
231,90,12,77,32,,3.13,80.0,1
160,83,13,57,25,,3.07,78.0,1
394,72,5,72,164,,2.21,56.0,3
145,74,13,71,109,,3.19,81.0,1
198,95,6,74,191,,2.79,71.0,1
112,70,3,52,34,,2.47,63.0,2
310,88,2,52,50,,2.01,51.0,3
205,75,13,62,174,,2.89,73.0,1
355,86,10,68,93,,2.67,68.0,2
305,83,7,64,129,,2.43,62.0,2
181,83,8,53,94,,2.59,66.0,2
292,87,5,50,51,,2.19,56.0,3
173,99,6,54,112,,2.65,67.0,2
314,73,2,50,91,,1.82,46.0,4
265,87,12,61,143,,2.82,72.0,1
254,80,15,68,159,,3.05,78.0,1
234,95,3,50,132,,2.21,56.0,3
116,74,13,69,169,,3.34,85.0,1
215,77,4,65,144,,2.32,59.0,3
287,95,3,61,133,,2.27,58.0,3
314,86,11,72,4,,3.06,78.0,1
246,78,7,50,117,,2.29,58.0,3
132,71,7,75,79,,2.88,73.0,1
113,77,13,73,18,,3.49,89.0,1
349,74,1,66,84,,1.93,49.0,4
130,90,14,50,19,,3.28,83.0,1
279,95,9,65,146,,2.73,69.0,2
360,80,10,62,186,,2.52,64.0,2
351,70,7,69,153,,2.32,59.0,3
224,73,12,60,175,,2.73,70.0,2
210,87,6,63,74,,2.55,65.0,2
362,73,3,66,143,,2.04,52.0,3
218,75,8,52,55,,2.41,61.0,2
284,85,9,52,62,,2.47,63.0,2
287,74,1,66,132,,1.99,51.0,3
100,70,9,69,110,,3.17,81.0,1
312,96,6,58,167,,2.41,61.0,2
126,89,15,74,35,,3.64,93.0,1
234,71,5,69,24,,2.37,60.0,3
197,98,12,72,170,,3.19,81.0,1
253,86,1,55,26,,2.05,52.0,3
283,98,14,72,146,,3.17,81.0,1
170,79,3,54,178,,2.26,57.0,3
246,81,3,77,161,,2.39,61.0,2
325,72,7,80,160,,2.50,64.0,2
391,92,13,57,89,,2.77,70.0,2
312,72,4,78,57,,2.30,59.0,3
170,89,2,53,146,,2.28,58.0,3
189,97,6,70,1,,3.77,96.0,1
225,96,14,58,58,,3.08,78.0,1
354,99,2,74,68,,2.35,60.0,3
129,92,10,65,195,,3.18,81.0,1
137,73,9,68,71,,2.92,74.0,1
216,90,4,50,110,,2.26,58.0,3
225,82,1,52,91,,1.99,51.0,3
325,90,8,64,77,,2.55,65.0,2
140,100,5,61,84,,2.82,72.0,1
374,79,11,73,121,,2.71,69.0,2
356,90,14,72,133,,3.02,77.0,1
286,75,4,55,117,,2.06,52.0,3
139,82,7,54,50,,2.70,69.0,2
217,98,11,58,182,,2.90,74.0,1
258,91,3,54,1,,3.17,81.0,1
323,80,1,78,97,,2.16,55.0,3
283,81,2,73,146,,2.22,56.0,3
384,82,8,59,138,,2.36,60.0,3
216,80,11,65,88,,2.82,72.0,1
226,84,10,65,16,,2.82,72.0,1
398,81,11,74,79,,2.73,70.0,2
207,73,10,68,23,,2.77,71.0,1
167,82,7,67,70,,2.74,70.0,2
280,84,8,70,159,,2.61,66.0,2
284,72,11,78,178,,2.79,71.0,1
291,87,11,55,150,,2.64,67.0,2
280,95,6,75,189,,2.65,67.0,2
266,76,7,55,146,,2.30,58.0,3
389,73,10,77,156,,2.62,67.0,2
148,78,6,53,166,,2.52,64.0,2
195,96,3,80,23,,2.72,69.0,2
323,73,1,51,156,,1.75,45.0,4
328,84,12,76,105,,2.90,74.0,1
106,83,12,80,86,,3.59,91.0,1
393,80,10,79,149,,2.72,69.0,2
348,74,8,76,20,,2.56,65.0,2
107,84,10,54,69,,3.13,80.0,1
178,96,11,68,103,,3.11,79.0,1
357,86,3,77,124,,2.31,59.0,3
103,82,13,74,142,,3.59,91.0,1
157,87,1,59,183,,2.32,59.0,3
339,99,13,78,165,,3.13,80.0,1
131,74,14,50,15,,3.13,80.0,1
214,96,11,56,147,,2.87,73.0,1
306,80,7,50,138,,2.23,57.0,3
321,79,8,69,198,,2.50,64.0,2
338,84,10,61,44,,2.59,66.0,2
110,72,1,66,173,,2.53,64.0,2
272,99,13,71,61,,3.13,80.0,1
272,75,10,71,147,,2.68,68.0,2
107,93,8,72,102,,3.31,84.0,1
317,71,9,56,35,,2.35,60.0,3
190,78,3,71,69,,2.41,61.0,2
223,100,15,70,14,,3.39,86.0,1
110,84,13,65,74,,3.44,88.0,1
383,81,2,70,80,,2.09,53.0,3
191,70,11,63,84,,2.76,70.0,2
182,91,5,51,84,,2.44,62.0,2
208,87,15,57,80,,3.08,78.0,1
250,87,15,76,175,,3.23,82.0,1
327,76,10,65,115,,2.55,65.0,2
168,88,12,51,40,,2.94,75.0,1
152,85,7,51,172,,2.62,67.0,2
297,87,11,74,45,,2.89,73.0,1
245,95,2,66,97,,2.33,59.0,3
136,70,11,50,49,,2.81,72.0,1
111,84,15,61,124,,3.51,89.0,1
197,70,6,68,15,,2.52,64.0,2
310,90,3,78,176,,2.40,61.0,2
137,72,9,62,29,,2.86,73.0,1
100,96,11,52,109,,3.35,85.0,1
396,87,7,69,34,,2.48,63.0,2
261,89,2,50,57,,2.05,52.0,3
260,94,5,70,4,,2.78,71.0,1
171,73,7,52,197,,2.44,62.0,2
162,78,11,69,11,,3.08,78.0,1
347,88,7,78,64,,2.63,67.0,2
282,86,11,77,25,,2.95,75.0,1
326,97,3,64,84,,2.29,58.0,3
152,84,1,70,46,,2.46,63.0,2
385,100,8,58,17,,2.58,66.0,2
130,75,13,52,102,,3.05,78.0,1
128,81,3,56,41,,2.52,64.0,2
214,71,3,55,95,,2.08,53.0,3
110,92,1,55,11,,2.67,68.0,2
146,72,13,68,115,,3.13,80.0,1
118,85,8,64,182,,3.04,77.0,1
369,89,3,65,142,,2.18,55.0,3
344,84,11,74,192,,2.79,71.0,1
163,71,14,64,39,,3.08,78.0,1
184,70,14,76,122,,3.14,80.0,1
249,87,11,56,138,,2.71,69.0,2
223,98,9,54,179,,2.71,69.0,2
125,70,13,52,52,,3.04,77.0,1
398,86,12,64,119,,2.72,69.0,2
285,90,3,62,195,,2.23,57.0,3
368,79,6,61,56,,2.24,57.0,3
304,96,1,70,148,,2.24,57.0,3
158,94,9,77,77,,3.15,80.0,1
274,96,9,63,113,,2.72,69.0,2
275,88,1,50,154,,1.94,49.0,4
122,92,11,71,93,,3.37,86.0,1
132,100,8,74,149,,3.22,82.0,1
341,100,15,71,33,,3.21,82.0,1
189,81,10,67,130,,2.85,73.0,1
189,85,9,73,93,,2.90,74.0,1
200,74,14,74,148,,3.11,79.0,1
170,89,7,77,127,,2.92,74.0,1
383,83,1,80,18,,2.21,56.0,3
308,70,13,70,32,,2.80,71.0,1
237,95,14,68,33,,3.19,81.0,1
123,78,12,59,101,,3.14,80.0,1
369,91,7,67,96,,2.50,64.0,2
133,92,9,57,151,,2.99,76.0,1
387,75,2,68,58,,2.01,51.0,3
250,94,14,75,71,,3.22,82.0,1
384,99,14,78,170,,3.16,81.0,1
227,80,7,71,66,,2.61,66.0,2
116,88,1,64,162,,2.61,67.0,2
295,87,8,52,73,,2.41,61.0,2
197,85,12,69,175,,3.03,77.0,1
214,97,5,52,124,,2.43,62.0,2
131,89,11,55,34,,3.10,79.0,1
315,75,12,53,89,,2.54,65.0,2
263,91,5,77,57,,2.60,66.0,2
103,75,6,65,55,,2.95,75.0,1
189,84,8,53,103,,2.57,66.0,2
115,100,10,57,132,,3.26,83.0,1
225,75,12,62,182,,2.77,71.0,1
261,91,3,73,134,,2.41,61.0,2
100,82,2,73,142,,2.87,73.0,1
365,95,15,63,2,,3.51,89.0,1
103,74,1,80,181,,2.78,71.0,1
269,74,14,56,128,,2.75,70.0,2
163,94,7,60,41,,2.79,71.0,1
381,79,4,69,13,,2.26,57.0,3
250,97,5,50,54,,2.35,60.0,3
212,94,13,80,97,,3.29,84.0,1
211,95,12,75,95,,3.17,81.0,1
349,81,7,65,30,,2.41,61.0,2
172,84,5,53,158,,2.42,62.0,2
149,75,14,59,104,,3.10,79.0,1
149,94,12,65,180,,3.23,82.0,1
153,98,6,58,152,,2.77,70.0,2
157,94,4,59,186,,2.59,66.0,2
174,97,7,59,165,,2.75,70.0,2
242,92,2,64,127,,2.27,58.0,3
272,92,15,71,163,,3.18,81.0,1
284,87,14,78,100,,3.14,80.0,1
102,85,2,51,43,,2.62,67.0,2
112,91,2,57,26,,2.69,68.0,2
121,84,13,53,122,,3.20,82.0,1
400,86,11,51,94,,2.49,63.0,2
332,100,5,70,25,,2.55,65.0,2
377,73,4,78,179,,2.24,57.0,3
339,91,9,75,71,,2.76,70.0,2
379,72,13,77,20,,2.86,73.0,1
352,74,13,71,16,,2.84,72.0,1
158,83,3,71,70,,2.56,65.0,2
205,70,14,51,139,,2.77,70.0,2
353,75,11,59,166,,2.51,64.0,2
393,74,2,64,89,,1.94,49.0,4
279,82,4,56,20,,2.20,56.0,3
260,83,7,77,75,,2.66,68.0,2
155,82,8,63,9,,2.90,74.0,1
387,71,11,79,142,,2.70,69.0,2
166,100,2,80,26,,2.77,71.0,1
287,74,13,72,172,,2.86,73.0,1
246,87,6,50,182,,2.31,59.0,3
279,95,2,78,158,,2.42,62.0,2
179,71,8,58,172,,2.53,64.0,2
117,96,9,61,188,,3.18,81.0,1
270,87,9,62,84,,2.63,67.0,2
376,96,10,73,121,,2.81,72.0,1
390,81,10,61,85,,2.51,64.0,2
105,85,15,78,116,,3.79,96.0,1
228,76,9,73,124,,2.72,69.0,2
194,84,2,69,34,,2.38,61.0,2
131,87,10,68,163,,3.16,80.0,1
369,73,14,56,166,,2.64,67.0,2
126,75,3,72,177,,2.65,67.0,2
380,77,4,61,75,,2.08,53.0,3
111,86,5,52,93,,2.75,70.0,2
328,92,7,54,140,,2.37,60.0,3
213,78,8,65,70,,2.61,66.0,2
100,75,2,61,18,,2.70,69.0,2
396,98,5,57,196,,2.28,58.0,3
123,90,1,66,32,,2.64,67.0,2
347,79,2,73,129,,2.13,54.0,3
223,88,11,62,50,,2.86,73.0,1
226,93,10,65,55,,2.87,73.0,1
147,82,4,63,160,,2.56,65.0,2
152,75,11,78,127,,3.12,80.0,1
235,80,2,70,107,,2.24,57.0,3
184,91,11,57,34,,2.93,75.0,1
322,91,4,67,151,,2.33,59.0,3
242,92,12,61,174,,2.90,74.0,1
278,91,13,54,60,,2.83,72.0,1
120,75,3,69,161,,2.65,67.0,2
199,93,5,53,132,,2.44,62.0,2
264,86,8,71,22,,2.71,69.0,2
288,82,5,59,52,,2.26,57.0,3
368,94,2,69,194,,2.21,56.0,3
128,94,5,70,87,,2.94,75.0,1
331,89,12,58,90,,2.73,69.0,2
384,87,12,71,3,,3.15,80.0,1
369,75,14,78,129,,2.94,75.0,1
389,72,10,72,57,,2.56,65.0,2
340,70,14,68,6,,2.94,75.0,1
303,89,14,64,183,,2.96,75.0,1
221,89,13,79,114,,3.21,82.0,1
222,95,8,53,153,,2.60,66.0,2
202,100,1,52,132,,2.22,56.0,3
298,85,10,74,134,,2.78,71.0,1
210,85,4,75,160,,2.54,65.0,2
165,79,4,56,61,,2.38,61.0,2
336,83,13,65,30,,2.84,72.0,1
148,74,2,76,179,,2.50,64.0,2
270,80,12,66,85,,2.81,71.0,1
161,94,12,52,74,,3.02,77.0,1
231,94,11,63,172,,2.90,74.0,1
338,95,2,52,56,,2.05,52.0,3
119,92,7,50,87,,2.86,73.0,1
284,91,2,76,112,,2.35,60.0,3
115,78,10,77,109,,3.29,84.0,1
172,84,8,70,86,,2.84,72.0,1
284,95,13,76,156,,3.13,80.0,1
230,71,1,61,66,,1.99,51.0,3
160,85,9,76,67,,3.04,77.0,1
123,99,11,63,51,,3.34,85.0,1
189,96,8,57,197,,2.74,70.0,2
157,85,3,67,131,,2.53,64.0,2
335,78,6,67,13,,2.39,61.0,2
192,83,12,65,30,,3.00,76.0,1
361,76,10,76,19,,2.71,69.0,2
386,88,13,62,106,,2.79,71.0,1
336,84,6,50,102,,2.17,55.0,3
105,80,6,50,104,,2.79,71.0,1
149,93,15,79,182,,3.59,91.0,1
251,86,10,74,111,,2.86,73.0,1
278,86,3,76,140,,2.38,60.0,3
150,79,1,61,23,,2.33,59.0,3
110,100,3,67,51,,2.97,75.0,1
215,89,1,63,129,,2.22,56.0,3
240,90,6,63,62,,2.52,64.0,2
292,93,8,54,183,,2.49,63.0,2
224,78,13,62,75,,2.88,73.0,1
197,98,4,79,149,,2.75,70.0,2
218,99,5,79,99,,2.78,71.0,1
124,94,2,63,33,,2.70,69.0,2
363,85,15,70,123,,3.01,77.0,1
111,78,1,66,24,,2.61,67.0,2
263,91,8,56,172,,2.53,64.0,2
122,89,11,60,149,,3.20,81.0,1
389,84,5,80,159,,2.44,62.0,2
149,78,13,76,197,,3.27,83.0,1
115,98,7,65,189,,3.13,80.0,1
130,82,6,80,21,,3.04,77.0,1
205,85,9,52,32,,2.62,67.0,2
183,73,1,80,65,,2.36,60.0,3
263,75,11,54,110,,2.55,65.0,2
258,100,2,60,153,,2.28,58.0,3
274,71,9,78,195,,2.66,68.0,2
172,91,4,62,164,,2.54,65.0,2
347,76,11,56,104,,2.49,63.0,2
314,72,10,66,81,,2.54,65.0,2
336,78,6,59,20,,2.27,58.0,3
342,83,11,71,167,,2.75,70.0,2
232,94,7,56,31,,2.57,65.0,2
384,83,8,60,105,,2.38,61.0,2
148,84,13,78,157,,3.36,86.0,1
223,86,11,67,193,,2.88,73.0,1
122,73,10,62,198,,3.00,76.0,1
100,76,14,76,132,,3.65,93.0,1
164,72,15,53,98,,3.00,76.0,1
372,99,9,54,147,,2.54,65.0,2
344,83,2,57,175,,1.97,50.0,4
136,77,14,74,184,,3.37,86.0,1
332,88,1,62,199,,2.03,52.0,3
340,77,10,76,192,,2.69,68.0,2
259,70,5,66,187,,2.25,57.0,3
254,74,10,59,28,,2.57,66.0,2
100,91,8,54,179,,3.12,80.0,1
119,96,7,62,184,,3.05,78.0,1
391,81,3,51,162,,1.91,49.0,4
349,93,12,68,179,,2.87,73.0,1
305,79,4,76,3,,2.67,68.0,2
105,75,3,72,20,,2.85,73.0,1
397,92,7,78,159,,2.62,67.0,2
374,76,8,53,96,,2.23,57.0,3
230,79,9,79,115,,2.82,72.0,1
229,97,2,69,72,,2.42,62.0,2
245,80,11,79,1,,3.93,100.0,1
327,98,4,56,6,,2.42,62.0,2
226,90,12,51,94,,2.79,71.0,1
258,91,14,64,18,,3.09,79.0,1
209,88,9,71,176,,2.85,73.0,1
180,76,15,59,102,,3.06,78.0,1
277,78,7,70,7,,2.63,67.0,2
371,89,5,76,149,,2.45,62.0,2
376,73,2,67,106,,1.98,50.0,4
328,75,1,71,149,,2.02,51.0,3
199,80,7,57,35,,2.51,64.0,2
310,73,5,71,112,,2.28,58.0,3
214,77,7,72,189,,2.61,66.0,2
274,77,1,50,120,,1.83,47.0,4
234,88,8,72,71,,2.75,70.0,2
355,70,1,76,55,,2.02,51.0,3
341,82,1,55,58,,1.88,48.0,4
165,77,4,66,169,,2.47,63.0,2
106,94,8,60,114,,3.18,81.0,1
307,89,6,59,187,,2.36,60.0,3
120,86,14,53,187,,3.29,84.0,1
392,81,2,55,33,,1.92,49.0,4
133,75,2,55,179,,2.33,59.0,3
141,75,2,68,81,,2.45,62.0,2
319,92,6,78,8,,2.73,70.0,2
266,93,11,56,79,,2.75,70.0,2
297,87,5,66,5,,2.57,65.0,2
395,82,10,78,19,,2.77,70.0,2
139,96,14,67,24,,3.49,89.0,1
388,81,6,50,37,,2.12,54.0,3
361,83,13,77,4,,3.19,81.0,1
185,71,10,51,102,,2.56,65.0,2
105,81,3,56,200,,2.67,68.0,2
199,78,6,62,52,,2.48,63.0,2
381,97,7,68,180,,2.55,65.0,2
205,93,10,59,69,,2.84,72.0,1
258,95,12,80,177,,3.14,80.0,1
365,70,13,57,1,,3.55,90.0,1
188,97,10,51,78,,2.82,72.0,1
373,78,15,78,32,,3.05,78.0,1
262,86,14,65,191,,2.99,76.0,1
298,89,15,62,138,,3.01,77.0,1
360,70,10,65,182,,2.46,63.0,2
159,96,3,62,192,,2.57,65.0,2
136,83,13,72,49,,3.35,85.0,1
132,76,2,63,19,,2.49,63.0,2
255,78,10,77,31,,2.83,72.0,1
223,82,6,51,148,,2.31,59.0,3
157,93,7,55,133,,2.73,69.0,2
289,79,5,77,135,,2.44,62.0,2
154,84,15,50,144,,3.12,79.0,1
224,98,3,55,16,,2.38,60.0,3
292,87,15,79,126,,3.21,82.0,1
185,87,9,76,8,,3.09,79.0,1
262,84,12,64,58,,2.84,72.0,1
161,99,8,76,117,,3.10,79.0,1
191,86,12,80,87,,3.20,81.0,1
310,83,5,62,74,,2.27,58.0,3
374,96,9,53,83,,2.50,64.0,2
162,88,4,73,176,,2.68,68.0,2
307,100,14,70,141,,3.14,80.0,1
149,72,9,69,89,,2.86,73.0,1
352,97,9,53,192,,2.52,64.0,2
343,84,5,70,18,,2.40,61.0,2
349,81,12,63,30,,2.72,69.0,2
139,81,2,65,105,,2.48,63.0,2
